author,git-repo,name,description,license,type
abradle,https://github.com/abradle/nf-ena,abradle/nf-ena,,,NF
abremges,https://github.com/abremges/TreeHugger,abremges/TreeHugger,Phylogenetic assignment and tree inference using defined marker gene sets,Apache-2.0,NF
abremges,https://github.com/abremges/x,abremges/x,,,NF
Ackia,https://github.com/Ackia/AMB_Baltic-Sediment,Ackia/AMB_Baltic-Sediment,,MIT,NF
Ackia,https://github.com/Ackia/AMB_MAG_Summer_2018,Ackia/AMB_MAG_Summer_2018,MAG analysis for AMB group  GATC sequencing summer 2018,NOASSERTION,NF
Ackia,https://github.com/Ackia/campylobacter_analysis,Ackia/campylobacter_analysis,Scripts for analysis of Campylobacter from Illumina WGS sequencing,,NF
Ackia,https://github.com/Ackia/e_hirae_analysis,Ackia/e_hirae_analysis,Analysis of E.Hirae WGS sequencing data,,NF
Ackia,https://github.com/Ackia/Nextflow_testing,Ackia/Nextflow_testing,,,NF
adamrtalbot,https://github.com/adamrtalbot/kallisto_nf,adamrtalbot/kallisto_nf,Nextflow pipeline for Kallisto pseudoalignment of RNA-Seq data,,NF
adamrtalbot,https://github.com/adamrtalbot/yarcc_nextflow_config,adamrtalbot/yarcc_nextflow_config,Config file for use with Nextflow in YARCC,,NF
AdrianS85,https://github.com/AdrianS85/RRBS,AdrianS85/RRBS,,,NF
aertslab,https://github.com/aertslab/scenic-nf,aertslab/scenic-nf,Test case for a pySCENIC Nextflow pipeline using containers,,NF
agartland,https://github.com/agartland/rnaseq_prep,agartland/rnaseq_prep,Dockerfile specifying programs for processing RNA seq data,,NF
alesssia,https://github.com/alesssia/YAMP,alesssia/YAMP,YAMP: Yet Another Metagenomic Pipeline,GPL-3.0,NF
AlfredUg,https://github.com/AlfredUg/qiime2-pipeline,AlfredUg/qiime2-pipeline,qiime2 pipeline for analysis of 16S rRNA microbiome data,,NF
alperyilmaz,https://github.com/alperyilmaz/nextflow-rnaseq,alperyilmaz/nextflow-rnaseq,amazon aws batch implementation of nextflow/rnaseq-encode-nf tutorial,,NF
AndersenLab,https://github.com/AndersenLab/alignment-nf,AndersenLab/alignment-nf,A nextflow pipeline for genome sequences alignment,MIT,NF
AndersenLab,https://github.com/AndersenLab/concordance-nf,AndersenLab/concordance-nf,,MIT,NF
AndersenLab,https://github.com/AndersenLab/linkagemapping-nf,AndersenLab/linkagemapping-nf,,,NF
AndersenLab,https://github.com/AndersenLab/nil-ril-nf,AndersenLab/nil-ril-nf,Nextflow pipeline for calling NILs and RILs,MIT,NF
AndersenLab,https://github.com/AndersenLab/SEmRNA-seq-nf,AndersenLab/SEmRNA-seq-nf,mRNA-seq pipeline,MIT,NF
AndersenLab,https://github.com/AndersenLab/trimmomatic-nf,AndersenLab/trimmomatic-nf,,MIT,NF
AndersenLab,https://github.com/AndersenLab/wi-nf,AndersenLab/wi-nf,,MIT,NF
apeltzer,https://github.com/apeltzer/IGCG-featureCounts,apeltzer/IGCG-featureCounts,A Nextflow script to run featureCounts on RNAseq BAM files on ICGC in AWS (with AWS Batch),MIT,NF
arontommi,https://github.com/arontommi/nf-mixcr,arontommi/nf-mixcr,,,NF
arzwa,https://github.com/arzwa/whaleprep,arzwa/whaleprep,Nextflow pipeline for preparatory analyses for Whale,,NF
aunderwo,https://github.com/aunderwo/nextflow-aws-batch-issue-1024,aunderwo/nextflow-aws-batch-issue-1024,Workflow and data for Nextflow issue #1024 ,,NF
aunderwo,https://github.com/aunderwo/nf-core-bactmap,aunderwo/nf-core-bactmap,A mapping-based pipeline for creating a phylogeny from bacterial whole genome sequences,MIT,NF
bhattlab,https://github.com/bhattlab/wits_workshop,bhattlab/wits_workshop,,,NF
bigbio,https://github.com/bigbio/nf-workflows,bigbio/nf-workflows,Repository of Nextflow+BioContainers workflows,GPL-2.0,NF
BigelowLab,https://github.com/BigelowLab/gorg-classifier,BigelowLab/gorg-classifier,,MIT,NF
Biocentric,https://github.com/Biocentric/DeepVariantNF,Biocentric/DeepVariantNF,Nextflow variation on Googles DeepVariant by Lifebit. Modified to run test on AWS Batch,Apache-2.0,NF
Biocentric,https://github.com/Biocentric/rnaseq_debug,Biocentric/rnaseq_debug,Nextflows RNA-Seq edit for debugging,,NF
biocorecrg,https://github.com/biocorecrg/C4LWG-2018,biocorecrg/C4LWG-2018,Hands-on tutorial on Nextflow and Containers (Docker and Singularity). Paris 2018.,GPL-3.0,NF
biocorecrg,https://github.com/biocorecrg/goodbioinfo2018,biocorecrg/goodbioinfo2018,Course on good practice in bioinformatics,,NF
biocorecrg,https://github.com/biocorecrg/indrop,biocorecrg/indrop,Single cell transcriptome analysis pipeline based on DropEst ,MPL-2.0,NF
biocorecrg,https://github.com/biocorecrg/vectorQC,biocorecrg/vectorQC,A Nextflow pipeline for assembling vectors and extract annotations,MPL-2.0,NF
bioinfo-dirty-jobs,https://github.com/bioinfo-dirty-jobs/Data,bioinfo-dirty-jobs/Data,,,NF
bioinfocz,https://github.com/bioinfocz/scripts,bioinfocz/scripts,Some of our scripts which could be useful.,MIT,NF
BioinformaticsLabAtMUN,https://github.com/BioinformaticsLabAtMUN/sRNACharP,BioinformaticsLabAtMUN/sRNACharP,An automated sRNA pipeline using Nextflow ,GPL-3.0,NF
bioinformatist,https://github.com/bioinformatist/nf-core-metaamplicon,bioinformatist/nf-core-metaamplicon,A pipeline for (meta-) analysis of amplicon data,MIT,NF
bioinformatist,https://github.com/bioinformatist/Rua-16SPipe,bioinformatist/Rua-16SPipe,,GPL-3.0,NF
bioShaun,https://github.com/bioShaun/omReseq-nf,bioShaun/omReseq-nf,Onmath reseq pipeline based on nextflow,,NF
bioShaun,https://github.com/bioShaun/omReseq-prepare-nf,bioShaun/omReseq-prepare-nf,A reseq reference prepare pipeline based on nextflow,MIT,NF
bioShaun,https://github.com/bioShaun/xms-rnaseq-nf,bioShaun/xms-rnaseq-nf,A kallisto quantification pipeline based on nextflow,MIT,NF
Blang2018,https://github.com/Blang2018/Nextflow,Blang2018/Nextflow,,,NF
BrianLohman,https://github.com/BrianLohman/workflows,BrianLohman/workflows,Workflows with Nextflow,,NF
brionmario,https://github.com/brionmario/b-specification-spaceship-asteroids-game,brionmario/b-specification-spaceship-asteroids-game,B specification of a very simple version of the old Spaceship & Asteroids arcade game  using the B tools Atelier B & ProB.,MIT,NF
brucemoran,https://github.com/brucemoran/exome_HLA,brucemoran/exome_HLA,Calling HLA from exome data with HLAminer in Singularity,,NF
brunoand,https://github.com/brunoand/16MP,brunoand/16MP,,,NF
brunoand,https://github.com/brunoand/NMP,brunoand/NMP,,,NF
brunoand,https://github.com/brunoand/TPM,brunoand/TPM,,,NF
bsjo,https://github.com/bsjo/hello,bsjo/hello,,GPL-3.0,NF
BU-ISCIII,https://github.com/BU-ISCIII/introduction_to_bioinformatics,BU-ISCIII/introduction_to_bioinformatics,In this training course you will find theory and practice material for introducing yourself to the basics of high throughput sequencing data analysis.,GPL-3.0,NF
BU-ISCIII,https://github.com/BU-ISCIII/PikaVirus,BU-ISCIII/PikaVirus,Open source software that implements a new method for metagenomics analysis. A new mapping approach is integrated with traditional assembly and blast annotation  all integrated in a web-based user friendly visualization platform for ease interpretation.,,NF
bzhanglab,https://github.com/bzhanglab/neoflow,bzhanglab/neoflow,NeoFlow is a standalone tool developed based on Nextflow and Docker and is developed for tumor neoantigens identification using DNA-Seq  RNA-Seq and MS/MS data.,GPL-3.0,NF
c-guzman,https://github.com/c-guzman/chip,c-guzman/chip,ChIP-seq pipeline for Heinz Lab,MIT,NF
CAMI-challenge,https://github.com/CAMI-challenge/CAMITAX,CAMI-challenge/CAMITAX,CAMITAX: Taxon labels for microbial genomes,Apache-2.0,NF
caspargross,https://github.com/caspargross/HybridAssembly,caspargross/HybridAssembly,Nextflow pipeline for hybrid assembly combining short read (Illumina) and long read (Nanopore) data.,,NF
caspargross,https://github.com/caspargross/PlasmIdent,caspargross/PlasmIdent,Pipeline for identification of circular plasmids from genome assemblies and resistance gene annotation,,NF
cbcrg,https://github.com/cbcrg/kallisto-nf,cbcrg/kallisto-nf,A nextflow implementation of Kallisto & Sleuth RNA-Seq Tools,,NF
cbcrg,https://github.com/cbcrg/msa-benchmark,cbcrg/msa-benchmark,,,NF
cbcrg,https://github.com/cbcrg/nf-phdcourse18,cbcrg/nf-phdcourse18,Nextflow training material for Phd course 2018,MIT,NF
cbcrg,https://github.com/cbcrg/piper-nf,cbcrg/piper-nf,RNA mapping pipeline,GPL-3.0,NF
cbcrg,https://github.com/cbcrg/raxml-nf,cbcrg/raxml-nf,RAxML pipeline,,NF
ccario83,https://github.com/ccario83/workflows,ccario83/workflows,Some nextflow script templates for sequencing workflows,,NF
cellgeni,https://github.com/cellgeni/cbdemux,cellgeni/cbdemux,Demultiplex bam files on CB field and compute rudimentary per-sample QC,,NF
chdem,https://github.com/chdem/nxf_course,chdem/nxf_course,,,NF
ChristopherBarrington,https://github.com/ChristopherBarrington/nf-core-hic,ChristopherBarrington/nf-core-hic,,MIT,NF
cimendes,https://github.com/cimendes/metaFlow,cimendes/metaFlow,A nextflow implementation of a metagenomics pipeline,,NF
ClaudiuCreanga,https://github.com/ClaudiuCreanga/nextflow,ClaudiuCreanga/nextflow,,,NF
Clinical-Genomics-Lund,https://github.com/Clinical-Genomics-Lund/nextflow_test,Clinical-Genomics-Lund/nextflow_test,Proof-on-concet pipeline using Nextflow + Singularity + SLURM,,NF
connor-lab,https://github.com/connor-lab/nextflow_pipelines,connor-lab/nextflow_pipelines,Nextflow pipeline script  config and ancillary files for PHW PenGU sequencing,,NF
coraliegimonnet,https://github.com/coraliegimonnet/BS-Seq_pipeline,coraliegimonnet/BS-Seq_pipeline,,,NF
coughls,https://github.com/coughls/nextflow-example-scripts,coughls/nextflow-example-scripts,Scripts from my talk at nextflow hack 2018: https://github.com/nextflow-io/nf-hack18/blob/master/schedule.md,,NF
cpang429,https://github.com/cpang429/directrna,cpang429/directrna,Nanopore pipeline for processing long-read RNA-Seq data,MIT,NF
CRG-CNAG,https://github.com/CRG-CNAG/CalliNGS-NF,CRG-CNAG/CalliNGS-NF,GATK RNA-Seq Variant Calling in Nextflow,MPL-2.0,NF
CRG-CNAG,https://github.com/CRG-CNAG/EOSC-Pilot,CRG-CNAG/EOSC-Pilot,EOSC pilot project,MPL-2.0,NF
crickbabs,https://github.com/crickbabs/BABS-aDNASeq,crickbabs/BABS-aDNASeq,An ancient DNA nextflow analysis pipeline,NOASSERTION,NF
crickbabs,https://github.com/crickbabs/BABS-RNASeq,crickbabs/BABS-RNASeq,RNASeq Best Practice Analysis,MIT,NF
crickbabs,https://github.com/crickbabs/nextflow_toolbox,crickbabs/nextflow_toolbox,A toy Nextflow pipeline that contains useful programming constructs,,NF
crickbabs,https://github.com/crickbabs/qualityControl_byBABS,crickbabs/qualityControl_byBABS,Nextflow Quality Control Analysis Pipeline,,NF
crickbabs,https://github.com/crickbabs/rnaSeq_byBABS,crickbabs/rnaSeq_byBABS,Nextflow RNA-Seq Analysis Pipeline,,NF
csawye01,https://github.com/csawye01/nf-core-demultiplex,csawye01/nf-core-demultiplex,Demultiplexing pipeline for Illumina data,MIT,NF
csiro-crop-informatics,https://github.com/csiro-crop-informatics/biokanga_align_paper,csiro-crop-informatics/biokanga_align_paper,,,NF
csiro-crop-informatics,https://github.com/csiro-crop-informatics/biokanga-manuscript,csiro-crop-informatics/biokanga-manuscript,Reprodcuble manuscript about biokanga  https://github.com/csiro-crop-informatics/biokanga,GPL-3.0,NF
csiro-crop-informatics,https://github.com/csiro-crop-informatics/nextflow-embl-abr-webinar,csiro-crop-informatics/nextflow-embl-abr-webinar,,Apache-2.0,NF
csiro-crop-informatics,https://github.com/csiro-crop-informatics/reproducible_poc,csiro-crop-informatics/reproducible_poc,,,NF
dalmiaa,https://github.com/dalmiaa/Sample_NF,dalmiaa/Sample_NF,Example pipeline to understand NF.,MIT,NF
danforthcenter,https://github.com/danforthcenter/bioinformatics,danforthcenter/bioinformatics,The Donald Danforth Plant Science Center Bioinformatics Core Facility public repository,MIT,NF
darachm,https://github.com/darachm/nextflow-barnone,darachm/nextflow-barnone,Runs barnone with a nextflow script,,NF
darcyabjones,https://github.com/darcyabjones/snptree,darcyabjones/snptree,A nextflow pipeline to run phylogenetic analyses using SNPs,,NF
davideyre,https://github.com/davideyre/bug-flow,davideyre/bug-flow,,NOASSERTION,NF
davismcc,https://github.com/davismcc/nf-hipsci-fibro,davismcc/nf-hipsci-fibro,,MIT,NF
dfornika,https://github.com/dfornika/cpo-pipeline-nextflow,dfornika/cpo-pipeline-nextflow,,MIT,NF
dfornika,https://github.com/dfornika/nf-core-cpo,dfornika/nf-core-cpo,,MIT,NF
dfornika,https://github.com/dfornika/nf-core-routine-nanopore-processing,dfornika/nf-core-routine-nanopore-processing,,MIT,NF
dggene,https://github.com/dggene/dna,dggene/dna,dnaåˆ†æžæµç¨‹,Apache-2.0,NF
digitalproteomes,https://github.com/digitalproteomes/NF-CometTPP,digitalproteomes/NF-CometTPP,,,NF
digitalproteomes,https://github.com/digitalproteomes/NF-ConvertThermo,digitalproteomes/NF-ConvertThermo,,,NF
digitalproteomes,https://github.com/digitalproteomes/NF-DIAUmpire,digitalproteomes/NF-DIAUmpire,DIAUmpire workflow,,NF
digitalproteomes,https://github.com/digitalproteomes/NF-PrepareProteinDB,digitalproteomes/NF-PrepareProteinDB,Download and prepare a UniProt fasta database,,NF
digitalproteomes,https://github.com/digitalproteomes/NF-SpectraST,digitalproteomes/NF-SpectraST,,,NF
DIRT-Webplatform,https://github.com/DIRT-Webplatform/dirt2d,DIRT-Webplatform/dirt2d,Workflow for dirt2d,,NF
DoaneAS,https://github.com/DoaneAS/realign.nf,DoaneAS/realign.nf,nextflow pipeline for bam file realignment,,NF
DoaneAS,https://github.com/DoaneAS/rnaflow,DoaneAS/rnaflow,,,NF
Dowell-Lab,https://github.com/Dowell-Lab/Nascent-Flow,Dowell-Lab/Nascent-Flow,Nascent Transcription Processing Pipeline,MIT,NF
drpatelh,https://github.com/drpatelh/nf-core-imcyto,drpatelh/nf-core-imcyto,UNDER CONSTRUCTION: Image Mass Cytometry analysis pipeline,MIT,NF
drpatelh,https://github.com/drpatelh/nf-core-mnaseseq,drpatelh/nf-core-mnaseseq,UNDER CONSTRUCTION: MNase-seq analysis pipeline using BWA and DANPOS2.,MIT,NF
dznetubingen,https://github.com/dznetubingen/hybrid_assembly_hamburg,dznetubingen/hybrid_assembly_hamburg,Hamburg assembly instance for hamburg computer (temporary repo),MIT,NF
ebenz99,https://github.com/ebenz99/MPCM-Nextflow,ebenz99/MPCM-Nextflow,A Nextflow pipeline for the Birtwistle Lab's Mechanistic Pan-Cancer Modeler,,NF
ebi-gene-expression-group,https://github.com/ebi-gene-expression-group/scanpy-workflow,ebi-gene-expression-group/scanpy-workflow,Workflow leveraging the scanpy-scripts package to run Scanpy in a Nextflow workflow,,NF
ebi-gene-expression-group,https://github.com/ebi-gene-expression-group/scxa-aggregation-workflow,ebi-gene-expression-group/scxa-aggregation-workflow,Aggregation component for SCXA workflows,,NF
ebi-gene-expression-group,https://github.com/ebi-gene-expression-group/scxa-bundle-workflow,ebi-gene-expression-group/scxa-bundle-workflow,Workflow for making bundles for Single-cell Expression Atlas,,NF
ebi-gene-expression-group,https://github.com/ebi-gene-expression-group/scxa-smartseq-quantification-workflow,ebi-gene-expression-group/scxa-smartseq-quantification-workflow,The SCXA smart-seq quantification workflow,,NF
ecerami,https://github.com/ecerami/nextflow_sandbox,ecerami/nextflow_sandbox,NextFlow SandBox,,NF
edgano,https://github.com/edgano/TCoffee-NatureProtocol-nf,edgano/TCoffee-NatureProtocol-nf,Tutorial to run the TCoffee Nature Protocol using Nextflow,MIT,NF
epiBioCore,https://github.com/epiBioCore/RNA-Seq-Pipeline,epiBioCore/RNA-Seq-Pipeline,,,NF
ericaenjoy3,https://github.com/ericaenjoy3/rna_nf,ericaenjoy3/rna_nf,Nextflow RNA-seq Pipeline (FastQC  STAR/Tophat Aligner  Sambamba/Samtools  Picard QC  FeatureCounts and Salmon Quantification),,NF
Etjean,https://github.com/Etjean/Long_project,Etjean/Long_project,Nextflow pipeline and Docker integration into Shaman,,NF
evanfloden,https://github.com/evanfloden/embeded-analysis-nf,evanfloden/embeded-analysis-nf,Analysis to determine the effect of the inclusion of more sequences in large MSA,,NF
evanfloden,https://github.com/evanfloden/lncRNA-Annotation-nf,evanfloden/lncRNA-Annotation-nf,A Nextflow lncRNA Annotation Pipeline based on STAR  Cufflinks and FEELnc,,NF
evanfloden,https://github.com/evanfloden/nf-module-demo,evanfloden/nf-module-demo,Demo for Nextflow modules and components proposal,GPL-3.0,NF
evanfloden,https://github.com/evanfloden/shuffle-guidance,evanfloden/shuffle-guidance,Nextflow pipeline for creating shuffle and shuffle + Hot/Guidance/Guidance2 alignments,,NF
evanfloden,https://github.com/evanfloden/sra-dump-nf,evanfloden/sra-dump-nf,Some ideas for pulling experiments directly from the SRA with Nextflow,,NF
evanfloden,https://github.com/evanfloden/tuxedo-nf,evanfloden/tuxedo-nf,A Nextflow implementation of the Tuxedo Suite of Tools: HISAT  StringTie & Ballgown,,NF
evanfloden,https://github.com/evanfloden/vast-tools-nf,evanfloden/vast-tools-nf,A Nextflow Implementation of VAST-TOOLS for profiling alternative splicing events in RNA-Seq data,,NF
evolbioinfo,https://github.com/evolbioinfo/booster-workflows,evolbioinfo/booster-workflows,,,NF
fagnerdias,https://github.com/fagnerdias/ProjetoB,fagnerdias/ProjetoB,,,NF
faithman,https://github.com/faithman/Single_end_mRNAseq-nf,faithman/Single_end_mRNAseq-nf,For single end RNA-seq  quality control,,NF
faithman,https://github.com/faithman/subsample-nf,faithman/subsample-nf,Use seqtk to subsample the RNA-seq data,,NF
fujimuramasa,https://github.com/fujimuramasa/Align,fujimuramasa/Align,,,NF
ganguvamshi,https://github.com/ganguvamshi/nf-fastqdump,ganguvamshi/nf-fastqdump,a nextflow project for converting sra to fastq using fastq-dump,,NF
gaow,https://github.com/gaow/fastqc-nf,gaow/fastqc-nf,A nextflow demo,,NF
gcollet,https://github.com/gcollet/bug_nextflow,gcollet/bug_nextflow,,,NF
gencorefacility,https://github.com/gencorefacility/nf-workflows,gencorefacility/nf-workflows,Repository of NextFlow Workflows,,NF
ggabernet,https://github.com/ggabernet/bcellmagic,ggabernet/bcellmagic,B cell repertoire analysis pipeline.,MIT,NF
gis-rpd,https://github.com/gis-rpd/rpd-rnaseq,gis-rpd/rpd-rnaseq,An RNASeq pipeline,MIT,NF
glormph,https://github.com/glormph/nf-core-dda-quant-proteomics,glormph/nf-core-dda-quant-proteomics,Quant proteomics as practiced at LehtiÃ¶ lab for NF-core,MIT,NF
gnetsanet,https://github.com/gnetsanet/crispedit,gnetsanet/crispedit,Nextflow pipeline for inference of CRISPR edits from NGS (Amplicon Sequencing) data,MIT,NF
grbot,https://github.com/grbot/bioinftk,grbot/bioinftk,Some bioinformatics helpers,MIT,NF
grbot,https://github.com/grbot/nf-core-example,grbot/nf-core-example,nf-core template test,MIT,NF
grbot,https://github.com/grbot/run-fastqc,grbot/run-fastqc,Nextflow pipeline to test Singularity and SLURM for H3ABioNet GWAS workshop 2018,MIT,NF
Gregor-Mendel-Institute,https://github.com/Gregor-Mendel-Institute/bam2fastq_nextflow,Gregor-Mendel-Institute/bam2fastq_nextflow,,,NF
Gregor-Mendel-Institute,https://github.com/Gregor-Mendel-Institute/isoseq3,Gregor-Mendel-Institute/isoseq3,,,NF
Gregor-Mendel-Institute,https://github.com/Gregor-Mendel-Institute/kWIP-nf,Gregor-Mendel-Institute/kWIP-nf,A nextflow pipeline to estimate sample (dis)similarity using kWIP,MIT,NF
guigolab,https://github.com/guigolab/chip-nf,guigolab/chip-nf,An automated ChIP-seq pipeline using Nextfow,,NF
guigolab,https://github.com/guigolab/sambamBench-nf,guigolab/sambamBench-nf,A simple Nextflow pipeline for testing the performance of sambamba vs samtools,LGPL-3.0,NF
Gustius,https://github.com/Gustius/MOFA,Gustius/MOFA,,MIT,NF
h3abionet,https://github.com/h3abionet/chipimputation,h3abionet/chipimputation,Genotype Imputation Pipeline for H3Africa,MIT,NF
h3abionet,https://github.com/h3abionet/recalling,h3abionet/recalling,Scripts for recalling several available datasets. The final output will be used by different H3A projects  e.g. ADME  refpanel.,MIT,NF
HadrienG,https://github.com/HadrienG/2018_coral_16S,HadrienG/2018_coral_16S,,,NF
HadrienG,https://github.com/HadrienG/nanoflow,HadrienG/nanoflow,:microscope: De novo assembly of nanopore reads using nextflow,GPL-3.0,NF
HadrienG,https://github.com/HadrienG/nextflow_prokka,HadrienG/nextflow_prokka,,GPL-3.0,NF
Hammarn,https://github.com/Hammarn/Popolipo,Hammarn/Popolipo,,MIT,NF
hclimente,https://github.com/hclimente/gwas-tools,hclimente/gwas-tools,ðŸ› ï¸ Short pipelines to deal with GWAS data.,,NF
hclimente,https://github.com/hclimente/miallma,hclimente/miallma,ðŸ‘»Transcriptomic analysis of recurrent leukemias.,,NF
hclimente,https://github.com/hclimente/nori,hclimente/nori,ðŸ™ Block HSIC Lasso: laboratory notebook.,,NF
hdzierz,https://github.com/hdzierz/bioinf_Russell_genome,hdzierz/bioinf_Russell_genome,,,NF
heinzlab,https://github.com/heinzlab/chip-seq-pipeline,heinzlab/chip-seq-pipeline,Heinz lab ChIP-seq pipeline using Nextflow + Singularity,,NF
heinzlab,https://github.com/heinzlab/csrna,heinzlab/csrna,Heinz lab csRNA-seq pipeline using Nextflow + Singularity,,NF
heinzlab,https://github.com/heinzlab/smrna-seq-pipeline,heinzlab/smrna-seq-pipeline,Heinz lab smRNA-seq pipeline using Nextflow + Singularity,,NF
HelenCousins,https://github.com/HelenCousins/nextflow,HelenCousins/nextflow,,,NF
herobd,https://github.com/herobd/forms_annotations,herobd/forms_annotations,Annotations for form images from National Archive.,,NF
heuermh,https://github.com/heuermh/bdg-nextflow,heuermh/bdg-nextflow,Workflows implemented via Nextflow.,Apache-2.0,NF
hivana,https://github.com/hivana/b-method-exercises,hivana/b-method-exercises,:notebook: Notes and exercises from B-Method textbook,MIT,NF
hmkim,https://github.com/hmkim/workflow,hmkim/workflow,Workflow in bioinformatics,,NF
HPCBio,https://github.com/HPCBio/16S-rDNA-dada2-pipeline,HPCBio/16S-rDNA-dada2-pipeline,dada2 Nextflow pipeline,MIT,NF
HugoMananet,https://github.com/HugoMananet/Nextflow_Samtools_VarScan,HugoMananet/Nextflow_Samtools_VarScan,Nextflow pipeline using containerized tools,,NF
HugoMananet,https://github.com/HugoMananet/Nextflow_Samtools-merge_gatk4-mutect2,HugoMananet/Nextflow_Samtools-merge_gatk4-mutect2,Nextflow pipeline using containerized tools,,NF
HugoMananet,https://github.com/HugoMananet/SegMuVar,HugoMananet/SegMuVar,,,NF
huguesfontenelle,https://github.com/huguesfontenelle/bug_exit_signal,huguesfontenelle/bug_exit_signal,,,NF
huguesfontenelle,https://github.com/huguesfontenelle/bug_nextflow_projectDir,huguesfontenelle/bug_nextflow_projectDir,,,NF
huguesfontenelle,https://github.com/huguesfontenelle/nextflow-bug-config,huguesfontenelle/nextflow-bug-config,,,NF
IARCbioinfo,https://github.com/IARCbioinfo/conpair-nf,IARCbioinfo/conpair-nf,Nextflow pipeline for Conpair (concordance and contamination estimator),,NF
IARCbioinfo,https://github.com/IARCbioinfo/gatk4-DataPreProcessing-nf,IARCbioinfo/gatk4-DataPreProcessing-nf,Nextflow pipeline for pre-process BAM(s) with hg38 and GATK4,GPL-3.0,NF
IARCbioinfo,https://github.com/IARCbioinfo/gatk4-GenotypeGVCFs-nf,IARCbioinfo/gatk4-GenotypeGVCFs-nf,Joint calling of gVCF  following GATK4 Best Practices,GPL-3.0,NF
IARCbioinfo,https://github.com/IARCbioinfo/gatk4-HaplotypeCaller-nf,IARCbioinfo/gatk4-HaplotypeCaller-nf,GATK4 HaplotypeCaller step  in gVCF mode  first step for subsequent whole cohort Joint Genotyping.,GPL-3.0,NF
IARCbioinfo,https://github.com/IARCbioinfo/nf_coverage_demo,IARCbioinfo/nf_coverage_demo,Nextflow demo plotting mean coverage over a series of BAM files,GPL-3.0,NF
IARCbioinfo,https://github.com/IARCbioinfo/NGSCheckMate,IARCbioinfo/NGSCheckMate,Nextflow pipeline to detect matched BAMs with NGSCheckMate,GPL-3.0,NF
IARCbioinfo,https://github.com/IARCbioinfo/PostAlignment-nf,IARCbioinfo/PostAlignment-nf,,GPL-3.0,NF
IARCbioinfo,https://github.com/IARCbioinfo/svaba-nf,IARCbioinfo/svaba-nf,,GPL-3.0,NF
IARCbioinfo,https://github.com/IARCbioinfo/TCGA_platypus-nf,IARCbioinfo/TCGA_platypus-nf,nextflow pipeline to build annovar-ready tables from platypus TCGA calling,GPL-3.0,NF
ikmb-denbi,https://github.com/ikmb-denbi/genome-annotation,ikmb-denbi/genome-annotation,,MIT,NF
ImaneLboukili,https://github.com/ImaneLboukili/WGS_analysis,ImaneLboukili/WGS_analysis,,,NF
inab,https://github.com/inab/RDConnect_RNASeq,inab/RDConnect_RNASeq,RDConnect RNASeq,,NF
inab,https://github.com/inab/TCGA_benchmarking_workflow,inab/TCGA_benchmarking_workflow,,LGPL-2.1,NF
InformaticsMatters,https://github.com/InformaticsMatters/docking-validation,InformaticsMatters/docking-validation,Validation studies for docking related studies,,NF
InformaticsMatters,https://github.com/InformaticsMatters/nextflow-kube,InformaticsMatters/nextflow-kube,,,NF
Insomnia-Team,https://github.com/Insomnia-Team/Catraca-B,Insomnia-Team/Catraca-B,A B method adaptation of a real world access system of a university restaurant,,NF
J35P312,https://github.com/J35P312/TayWhale,J35P312/TayWhale,RNA-seq pipeline,,NF
Japillow,https://github.com/Japillow/B-method-Project,Japillow/B-method-Project,,,NF
jemten,https://github.com/jemten/mt_snv_gatk4,jemten/mt_snv_gatk4,Call mitochondrial variants from bam file using haplotypecaller from GATK4,MIT,NF
jguhlin,https://github.com/jguhlin/gf-targeted-prediction,jguhlin/gf-targeted-prediction,Targeted gene family prediction using AUGSTUS-PPX  Nextflow  exonerate  etc...,BSD-3-Clause,NF
jguhlin,https://github.com/jguhlin/SameSpeciesLiftover_nf,jguhlin/SameSpeciesLiftover_nf,Same Species Liftover pipeline implemented in Nextflow,BSD-3-Clause,NF
jianhong,https://github.com/jianhong/ATACseqQCnextflow,jianhong/ATACseqQCnextflow,pipeline for ATACseqQC,GPL-3.0,NF
jianhong,https://github.com/jianhong/MintChIP,jianhong/MintChIP,pipeline for MintChIP,,NF
JWDebler,https://github.com/JWDebler/2018-10-15-annotations,JWDebler/2018-10-15-annotations,Annotation scripts for several ascochyta isolates,,NF
JWDebler,https://github.com/JWDebler/nf-assembly,JWDebler/nf-assembly,Assembly and basic annotation of Illumina short reads,,NF
JWDebler,https://github.com/JWDebler/nf-augustus_with_RNASeq,JWDebler/nf-augustus_with_RNASeq,,,NF
JWDebler,https://github.com/JWDebler/nf-busco,JWDebler/nf-busco,,,NF
JWDebler,https://github.com/JWDebler/nf-genomeCoverage,JWDebler/nf-genomeCoverage,,,NF
JWDebler,https://github.com/JWDebler/nf-occultercut,JWDebler/nf-occultercut,compare and plot GC content of genomes,,NF
JWDebler,https://github.com/JWDebler/nf-repeats,JWDebler/nf-repeats,annotate repeats,,NF
kerimoff,https://github.com/kerimoff/qtlquant,kerimoff/qtlquant,pipeline repo for qtlquant,MIT,NF
KevinMenden,https://github.com/KevinMenden/hybrid-assembly,KevinMenden/hybrid-assembly,Pipeline for hybrid assembly using short and long reads.,MIT,NF
KevinMenden,https://github.com/KevinMenden/nf-cageseq,KevinMenden/nf-cageseq,Nextflow CAGE-seq pipeline,MIT,NF
KevinMenden,https://github.com/KevinMenden/tf-activity,KevinMenden/tf-activity,Workflow to identify active transcription factors from CAGE-seq data.,MIT,NF
KevinSayers,https://github.com/KevinSayers/nodewf,KevinSayers/nodewf,,,NF
KevinSayers,https://github.com/KevinSayers/SingularityScheduler,KevinSayers/SingularityScheduler,,,NF
kingzhuky,https://github.com/kingzhuky/m6APipe,kingzhuky/m6APipe,,LGPL-3.0,NF
komparo,https://github.com/komparo/tde_dataset_dyntoy,komparo/tde_dataset_dyntoy,,,NF
kratikanaskulwar,https://github.com/kratikanaskulwar/kmerextraction,kratikanaskulwar/kmerextraction,This pipeline extracts sequences of all the listed genes of E-coli and extracts the k-mers from the sequences.,,NF
Krebsro,https://github.com/Krebsro/nf-core-neointrons,Krebsro/nf-core-neointrons,This pipeline analyses rna data  deeloped for OvCa and HCC samples,MIT,NF
kviljoen,https://github.com/kviljoen/16S_quick_QC,kviljoen/16S_quick_QC,Just a quick QC test running fastqc and multiqc,,NF
lakinsm,https://github.com/lakinsm/bear-wgs,lakinsm/bear-wgs,USDA ARS BEARRU Whole Genome Sequencing Workflow,,NF
lakinsm,https://github.com/lakinsm/summit-assembly,lakinsm/summit-assembly,Assembly pipeline for the Boulder Summit HPC cluster,,NF
LBMC,https://github.com/LBMC/readthroughpombe,LBMC/readthroughpombe,Readthrough analysis in S. Pombe rrp6D and cut14-208 mutants,NOASSERTION,NF
lch14forever,https://github.com/lch14forever/nexflow_pipelines,lch14forever/nexflow_pipelines,,,NF
lehtiolab,https://github.com/lehtiolab/galaxy-workflows,lehtiolab/galaxy-workflows,LehtiÃ¶ lab analysis workflows,MIT,NF
lengfei5,https://github.com/lengfei5/smallRNA_nf,lengfei5/smallRNA_nf,,,NF
Leon-Bichmann,https://github.com/Leon-Bichmann/MHCquant,Leon-Bichmann/MHCquant,Identify and quantify peptides from mass spectrometry raw data,MIT,NF
LieberInstitute,https://github.com/LieberInstitute/test_next,LieberInstitute/test_next,Testing nextflow at JHPCE,,NF
lifebit-ai,https://github.com/lifebit-ai/DeepVariant,lifebit-ai/DeepVariant,Deep Variant as a Nextflow pipeline,Apache-2.0,NF
lifebit-ai,https://github.com/lifebit-ai/DeepVariantTrain,lifebit-ai/DeepVariantTrain,,Apache-2.0,NF
lifebit-ai,https://github.com/lifebit-ai/DeepVariantWGS,lifebit-ai/DeepVariantWGS,,Apache-2.0,NF
lifebit-ai,https://github.com/lifebit-ai/docker-impute2,lifebit-ai/docker-impute2,,,NF
lifebit-ai,https://github.com/lifebit-ai/ExpansionHunter,lifebit-ai/ExpansionHunter,,MIT,NF
lifebit-ai,https://github.com/lifebit-ai/fam-gwas,lifebit-ai/fam-gwas,Family-based GWAS analysis pipeline,,NF
lifebit-ai,https://github.com/lifebit-ai/freebayes,lifebit-ai/freebayes,,Apache-2.0,NF
lifebit-ai,https://github.com/lifebit-ai/GangSTR,lifebit-ai/GangSTR,,MIT,NF
lifebit-ai,https://github.com/lifebit-ai/HipSTR,lifebit-ai/HipSTR,,MIT,NF
lifebit-ai,https://github.com/lifebit-ai/impute500k,lifebit-ai/impute500k,,,NF
lifebit-ai,https://github.com/lifebit-ai/imputeAncestry,lifebit-ai/imputeAncestry,Imputation pipeline including ancestry module,,NF
lifebit-ai,https://github.com/lifebit-ai/kallisto-sra,lifebit-ai/kallisto-sra,,,NF
lifebit-ai,https://github.com/lifebit-ai/phewas,lifebit-ai/phewas,Performs a PheWAS analysis & generates a Manhattan plot using the PheWAS R package,,NF
lifebit-ai,https://github.com/lifebit-ai/Plant-RNASeq,lifebit-ai/Plant-RNASeq,Nextflow pipeline to analyse gene expression in plants,MIT,NF
lifebit-ai,https://github.com/lifebit-ai/roary,lifebit-ai/roary,Pan-genome nextflow pipeline which uses fasta input files for Prokka and Roary before generating visualisations,MIT,NF
lifebit-ai,https://github.com/lifebit-ai/somatic-variant-caller,lifebit-ai/somatic-variant-caller,Somatic variant calling pipeline using Mutect2 adapted from GATK Best Practices,,NF
lifebit-ai,https://github.com/lifebit-ai/star-nf,lifebit-ai/star-nf,,,NF
lifebit-ai,https://github.com/lifebit-ai/strelka2,lifebit-ai/strelka2,,Apache-2.0,NF
lifebit-ai,https://github.com/lifebit-ai/Tardis,lifebit-ai/Tardis,Tool for automated and rapid discovery of structural variants,,NF
likelet,https://github.com/likelet/circPipe,likelet/circPipe,FTW,MIT,NF
likelet,https://github.com/likelet/ExomePipe,likelet/ExomePipe,,GPL-3.0,NF
likelet,https://github.com/likelet/multiexseq,likelet/multiexseq,,MIT,NF
lillamy2012,https://github.com/lillamy2012/atac4Mike,lillamy2012/atac4Mike,ATAC-seq pipeline for Mikes project ,,NF
lillamy2012,https://github.com/lillamy2012/fastq_kallisto_star,lillamy2012/fastq_kallisto_star,,,NF
lillamy2012,https://github.com/lillamy2012/rna_seq_kallisto1,lillamy2012/rna_seq_kallisto1,nextflow pipeline for single read rna-seq,,NF
lisemangiante,https://github.com/lisemangiante/test_nextflow,lisemangiante/test_nextflow,,GPL-3.0,NF
lmyiing,https://github.com/lmyiing/scnew,lmyiing/scnew,update config file,,NF
lmyiing,https://github.com/lmyiing/scrnaseq,lmyiing/scrnaseq,first release nextflow,,NF
lucacozzuto,https://github.com/lucacozzuto/NF_test_case,lucacozzuto/NF_test_case,nextflow test pipeline,,NF
marcodelapierre,https://github.com/marcodelapierre/md-nextflow,marcodelapierre/md-nextflow,Sample Nextflow pipeline(s),GPL-3.0,NF
marler8997,https://github.com/marler8997/LanguageThoughts,marler8997/LanguageThoughts,A repository to document my thoughts and ideas for programming languages.,,NF
matthiasheinig,https://github.com/matthiasheinig/scworkflows,matthiasheinig/scworkflows,,,NF
maxemil,https://github.com/maxemil/PhyloMagnet,maxemil/PhyloMagnet,screening metagenomes for arbitrary lineages  using gene-centric assembly methods and phylogenetics,NOASSERTION,NF
maxibor,https://github.com/maxibor/admapipe,maxibor/admapipe,Ancient Dna Metagenomics Analysis PIPEline,MIT,NF
maxibor,https://github.com/maxibor/coproID,maxibor/coproID,Coprolite host Identification,GPL-3.0,NF
MaxUlysse,https://github.com/MaxUlysse/compile-latex,MaxUlysse/compile-latex,Simple beamer/latex compiler using Nextflow  provided with Docker container,MIT,NF
mchimenti,https://github.com/mchimenti/ATAC_seq_nextflow,mchimenti/ATAC_seq_nextflow,A bare bones ATAC_seq pipeline using NGmerge/Genrich from Harvard FAS best practices ,,NF
mclaugsf,https://github.com/mclaugsf/seqtk-nextflow,mclaugsf/seqtk-nextflow,A simple seqtk nextflow AWS Batch test workflow,,NF
melnel000,https://github.com/melnel000/Sarek_CBIO,melnel000/Sarek_CBIO,,MIT,NF
MenheraMikumo,https://github.com/MenheraMikumo/Mao,MenheraMikumo/Mao,Nextflow pipeline prototype,,NF
mes5k,https://github.com/mes5k/new_school_nf,mes5k/new_school_nf,,,NF
mes5k,https://github.com/mes5k/nf-test,mes5k/nf-test,simple test for nextflow,,NF
mhebrard,https://github.com/mhebrard/TrimFlow,mhebrard/TrimFlow,workflow example managed with Nextflow within Singularity that run Trimgalore on fastq files,MIT,NF
Molmed,https://github.com/Molmed/summary-report-development,Molmed/summary-report-development,Prototype for a new type of summary report for flowcells  that is going to be real awesome!,,NF
monikaBrandt,https://github.com/monikaBrandt/nf-core-mynewpipeline,monikaBrandt/nf-core-mynewpipeline,This is a test pipeline that I can use to learn how to build a real one.,MIT,NF
montilab,https://github.com/montilab/pipeliner,montilab/pipeliner,A flexible Nextflow-based framework for the definition of sequencing data processing pipelines,,NF
mruehlemann,https://github.com/mruehlemann/LaMeta,mruehlemann/LaMeta,LaMeta - getting more from your metagenomic data (like you used to...),BSD-3-Clause,NF
mtstahl,https://github.com/mtstahl/togetherforever,mtstahl/togetherforever,You like it or not  but transcriptome and proteome are stronger together!,,NF
Mud-Fire,https://github.com/Mud-Fire/QC_Model_rna_nf,Mud-Fire/QC_Model_rna_nf,DG QC model Up,Apache-2.0,NF
murphycj,https://github.com/murphycj/manuscripts,murphycj/manuscripts,Code and data for manuscripts.,,NF
mypandos,https://github.com/mypandos/gwen,mypandos/gwen,Gwen project,MIT,NF
ncsa,https://github.com/ncsa/GenomicsCortextVarNextflow,ncsa/GenomicsCortextVarNextflow,,,NF
nextflow-io,https://github.com/nextflow-io/blast-example,nextflow-io/blast-example,A basic blast pipeline using nextflow,,NF
nextflow-io,https://github.com/nextflow-io/gccbosc18-training,nextflow-io/gccbosc18-training,Documentation for Nextflow training at GCC/BOSC 2018,MIT,NF
nextflow-io,https://github.com/nextflow-io/hello,nextflow-io/hello,Classic hello world script in Nextflow language,GPL-3.0,NF
nextflow-io,https://github.com/nextflow-io/nf-hack17-tutorial,nextflow-io/nf-hack17-tutorial,Nextflow basic tutorial for newbie users ,,NF
nextflow-io,https://github.com/nextflow-io/nf-hack18,nextflow-io/nf-hack18,Nextflow workshop 2018 -- Training pages -> https://nextflow-io.github.io/nf-hack18/,,NF
nextflow-io,https://github.com/nextflow-io/patterns,nextflow-io/patterns,A curated collections of Nextflow implementation patterns -- http://nextflow-io.github.io/patterns/index.html,MIT,NF
nextflow-io,https://github.com/nextflow-io/rnaseq-nf,nextflow-io/rnaseq-nf,A proof of concept of RNAseq pipeline,MPL-2.0,NF
nextflow-io,https://github.com/nextflow-io/rnatoy,nextflow-io/rnatoy,A proof of concept RNA-Seq pipeline with Nextflow,,NF
nextflow-io,https://github.com/nextflow-io/tests,nextflow-io/tests,Nextflow tests,Apache-2.0,NF
nf-core,https://github.com/nf-core/ampliseq,nf-core/ampliseq,16S rRNA amplicon sequencing analysis workflow using QIIME2,MIT,NF
nf-core,https://github.com/nf-core/atacseq,nf-core/atacseq,UNDER CONSTRUCTION: ATAC-seq peak-calling and differential analysis pipeline.,MIT,NF
nf-core,https://github.com/nf-core/bacass,nf-core/bacass,Simple bacterial assembly and annotation pipeline,MIT,NF
nf-core,https://github.com/nf-core/bcellmagic,nf-core/bcellmagic,"B/T cell repertoire analysis pipeline with immcantation framework. WIP, currently requires a bunch of changes first.",MIT,NF
nf-core,https://github.com/nf-core/chipseq,nf-core/chipseq,Chromatin immunoprecipitation (ChIP-seq) analysis using BWA and MACS2 with QC steps.,MIT,NF
nf-core,https://github.com/nf-core/ddamsproteomics,nf-core/ddamsproteomics,Quant proteomics as practiced at Lehti\u00f6 lab for NF-core,MIT,NF
nf-core,https://github.com/nf-core/deepvariant,nf-core/deepvariant,Google's DeepVariant variant caller as a Nextflow pipeline,MIT,NF
nf-core,https://github.com/nf-core/eager,nf-core/eager,A fully reproducible and state of the art ancient DNA analysis pipeline.,MIT,NF
nf-core,https://github.com/nf-core/epitopeprediction,nf-core/epitopeprediction,A bioinformatics best-practice analysis pipeline for epitope prediction and annotation,MIT,NF
nf-core,https://github.com/nf-core/exoseq,nf-core/exoseq,Exome Sequencing analysis pipeline (Work in progress),MIT,NF
nf-core,https://github.com/nf-core/hlatyping,nf-core/hlatyping,Precision HLA typing from next-generation sequencing data,MIT,NF
nf-core,https://github.com/nf-core/lncpipe,nf-core/lncpipe,UNDER DEVELOPMENT--- A Nextflow-based pipeline for comprehensive analyses of long non-coding RNAs from RNA-seq datasets,MIT,NF
nf-core,https://github.com/nf-core/mag,nf-core/mag,Assembly and binning of metagenomes,MIT,NF
nf-core,https://github.com/nf-core/methylseq,nf-core/methylseq,Methylation (Bisulfite-Sequencing) analysis pipeline using Bismark or bwa-meth + MethylDackel,MIT,NF
nf-core,https://github.com/nf-core/mhcquant,nf-core/mhcquant,Identify and quantify peptides from mass spectrometry raw data,MIT,NF
nf-core,https://github.com/nf-core/nascent,nf-core/nascent,UNDER CONSTRUCTION - Nascent Transcription Processing Pipeline,MIT,NF
nf-core,https://github.com/nf-core/neutronstar,nf-core/neutronstar,De novo assembly pipeline for 10X linked-reads using Supernova,MIT,NF
nf-core,https://github.com/nf-core/rnafusion,nf-core/rnafusion,RNA-seq analysis pipeline for detection gene-fusions,MIT,NF
nf-core,https://github.com/nf-core/rnaseq,nf-core/rnaseq,"RNA sequencing analysis pipeline using STAR or HISAT2, with gene counts and quality control",MIT,NF
nf-core,https://github.com/nf-core/smrnaseq,nf-core/smrnaseq,Analysis pipeline for small-RNA sequencing data.,MIT,NF
nf-core,https://github.com/nf-core/vipr,nf-core/vipr,Assembly and intrahost / low-frequency variant calling for viral samples,MIT,NF
noelnamai,https://github.com/noelnamai/thesis,noelnamai/thesis,A Large Scale  Cloud Based  Low Cost and Reproducible Mutation Calling Pipeline Using Docker Containers,,NF
NorwegianVeterinaryInstitute,https://github.com/NorwegianVeterinaryInstitute/Bifrost,NorwegianVeterinaryInstitute/Bifrost,,NOASSERTION,NF
NYU-Molecular-Pathology,https://github.com/NYU-Molecular-Pathology/lyz-nf,NYU-Molecular-Pathology/lyz-nf,lab monitoring program,GPL-3.0,NF
NYU-Molecular-Pathology,https://github.com/NYU-Molecular-Pathology/NGS580-nf,NYU-Molecular-Pathology/NGS580-nf,Target exome analysis for 580 gene panel,GPL-3.0,NF
ObenaufLab,https://github.com/ObenaufLab/battenberg-nf,ObenaufLab/battenberg-nf,Nextflow workflow for Battenberg to detect subclonality and copy number in matched NGS data,MIT,NF
ObenaufLab,https://github.com/ObenaufLab/snv-calling-nf,ObenaufLab/snv-calling-nf,Nextflow workflow for SNV calling using GATK4 / MuTect2  CaVEMan / Pindel and Strelka2,MIT,NF
ObenaufLab,https://github.com/ObenaufLab/sv-calling-nf,ObenaufLab/sv-calling-nf,Nextflow workflow for SV calling using delly2  lumpy  manta and BRASS. ,MIT,NF
ObenaufLab,https://github.com/ObenaufLab/variant-circos-nf,ObenaufLab/variant-circos-nf,Nextflow workflow for circos visualizations of variant data.,AGPL-3.0,NF
ObenaufLab,https://github.com/ObenaufLab/virus-detection-nf,ObenaufLab/virus-detection-nf,Nextflow workflow for virus detection  integration site mapping and splice-variant detection.,MIT,NF
OberstHorst,https://github.com/OberstHorst/nextflowKubeDemo,OberstHorst/nextflowKubeDemo,,,NF
ODiogoSilva,https://github.com/ODiogoSilva/cbbs-nf,ODiogoSilva/cbbs-nf,,,NF
OncoImmunity,https://github.com/OncoImmunity/nextflow-bug-pull-submodules,OncoImmunity/nextflow-bug-pull-submodules,,,NF
oskarvid,https://github.com/oskarvid/nextflow-GermlineVarCall,oskarvid/nextflow-GermlineVarCall,Location for a NextFlow implementation of a GATK best practices pipeline,,NF
ParisDiderot-Bioinfo,https://github.com/ParisDiderot-Bioinfo/nextflow-intro,ParisDiderot-Bioinfo/nextflow-intro,Introduction to Nextflow,,NF
PayamEmami,https://github.com/PayamEmami/tm2,PayamEmami/tm2,,,NF
PayamEmami,https://github.com/PayamEmami/tmp,PayamEmami/tmp,,,NF
pbelmann,https://github.com/pbelmann/sra-download,pbelmann/sra-download,,MIT,NF
pgoymann,https://github.com/pgoymann/nextflow_fastqc,pgoymann/nextflow_fastqc,,,NF
phelelani,https://github.com/phelelani/nf-rnaSeqCount,phelelani/nf-rnaSeqCount,Assembly and differential expression analysis,,NF
phelelani,https://github.com/phelelani/nf-rnaSeqMetagen,phelelani/nf-rnaSeqMetagen,Metagenomics pipeline,,NF
PierreCaillaudM,https://github.com/PierreCaillaudM/distanciel_methodeB,PierreCaillaudM/distanciel_methodeB,,,NF
PiscatorX,https://github.com/PiscatorX/videre-pipeline,PiscatorX/videre-pipeline,Pipeline for metranscriptome data,,NF
PlantandFoodResearch,https://github.com/PlantandFoodResearch/PFRAutomatedWorkflows,PlantandFoodResearch/PFRAutomatedWorkflows,Collaborative Prototyping and deployment of informatics workflows,GPL-3.0,NF
plantinformatics,https://github.com/plantinformatics/pretzel-input-generator,plantinformatics/pretzel-input-generator,,GPL-3.0,NF
Polluux,https://github.com/Polluux/AtelierB_Domotique,Polluux/AtelierB_Domotique,M2 Project for Atelier B,,NF
pprieto,https://github.com/pprieto/toy,pprieto/toy,,,NF
qbicsoftware,https://github.com/qbicsoftware/hlatyping-workflow,qbicsoftware/hlatyping-workflow,Precision HLA typing from next-generation sequencing data,MIT,NF
qbicsoftware,https://github.com/qbicsoftware/microarray-qc-workflow,qbicsoftware/microarray-qc-workflow,Quality Control plots and data normalisation for Microarray data,MIT,NF
QuentinLetourneur,https://github.com/QuentinLetourneur/Let-it-bin,QuentinLetourneur/Let-it-bin,Optimize workflow for binning metagenomic short reads from multiple samples,,NF
rbpisupati,https://github.com/rbpisupati/nf-haplocaller,rbpisupati/nf-haplocaller,Nextflow pipeline for GATK best practices (HaplotypeCaller),MIT,NF
Reda94,https://github.com/Reda94/GDC-RNAseq-pipeline,Reda94/GDC-RNAseq-pipeline,Implementation of GDC's (Genomic Data Commons) RNA-seq analysis pipeline (data release version 14.0) using Nextflow.,,NF
Reda94,https://github.com/Reda94/QuantSeq-3-prime-FWD-RNAseq-pipeline,Reda94/QuantSeq-3-prime-FWD-RNAseq-pipeline,Implementation of the RNA-Seq analysis pipeline used on sequencing data obtained from Lexogen's QuantSeq FWD 3' mRNA-Seq kit.,,NF
remiolsen,https://github.com/remiolsen/nf-core-radseq,remiolsen/nf-core-radseq,Pipeline for QC of RAD-seq data,MIT,NF
renatomsoares,https://github.com/renatomsoares/ProjetosMetodosFormais,renatomsoares/ProjetosMetodosFormais,,,NF
renyiwu,https://github.com/renyiwu/hpc,renyiwu/hpc,,,NF
rlebron-bioinfo,https://github.com/rlebron-bioinfo/methflow,rlebron-bioinfo/methflow,DNA Methylation (BS-Seq) Analysis Pipeline. Started December 2018.,GPL-3.0,NF
robsyme,https://github.com/robsyme/nf-nucmercoverage,robsyme/nf-nucmercoverage,A humble nextflow pipeline to compare the coverage of some reference genome(s) by nucmer matches of some other genomes. Produces svg (gg)plots.,,NF
rpetit3,https://github.com/rpetit3/illumina-cleanup,rpetit3/illumina-cleanup,A simple pipeline for pre-processing Illumina FASTQ files. ,MIT,NF
rsuchecki,https://github.com/rsuchecki/asm,rsuchecki/asm,,GPL-3.0,NF
rsuchecki,https://github.com/rsuchecki/radsddrad,rsuchecki/radsddrad,,Apache-2.0,NF
rynge,https://github.com/rynge/searchsra-nextflow,rynge/searchsra-nextflow,,,NF
sbilge,https://github.com/sbilge/nf-core-clinvap,sbilge/nf-core-clinvap,,MIT,NF
SciLifeLab,https://github.com/SciLifeLab/Sarek,SciLifeLab/Sarek,Detect germline or somatic variants from normal or tumour/normal whole-genome or targeted sequencing,MIT,NF
sergpolly,https://github.com/sergpolly/random-nextflow-utils,sergpolly/random-nextflow-utils,just trying to apply nextflow to some low-level data-management,MIT,NF
shaze,https://github.com/shaze/nextflow-course,shaze/nextflow-course,,LGPL-2.1,NF
simozhou,https://github.com/simozhou/epi-awesome,simozhou/epi-awesome,,MIT,NF
sinonkt,https://github.com/sinonkt/gemini-load-nf,sinonkt/gemini-load-nf,Gemini preprocessing & loading workflow encoded in Nextflow ,,NF
sinonkt,https://github.com/sinonkt/gwas-qc-nf,sinonkt/gwas-qc-nf,Quality control procedures for genome-wide association studies paper  another encoded version in nextflow.,,NF
sinonkt,https://github.com/sinonkt/test-nf,sinonkt/test-nf,Workflow  simulate workload  for testing purpose.,,NF
SLU-AMB,https://github.com/SLU-AMB/read-preprocessing,SLU-AMB/read-preprocessing,Nextflow script to pre-process Illumina reads for downstream analysis,MIT,NF
SLUBioinformaticsInfrastructure,https://github.com/SLUBioinformaticsInfrastructure/RNAseq_nf,SLUBioinformaticsInfrastructure/RNAseq_nf,,GPL-3.0,NF
SoutheyLab,https://github.com/SoutheyLab/nextflow_pipeline,SoutheyLab/nextflow_pipeline,,,NF
SoutheyLab,https://github.com/SoutheyLab/nextflow-workflows,SoutheyLab/nextflow-workflows,,,NF
sridharsh,https://github.com/sridharsh/NextGenSeeker,sridharsh/NextGenSeeker,,,NF
staphopia,https://github.com/staphopia/staphopia-ap,staphopia/staphopia-ap,,,NF
statgen,https://github.com/statgen/pheweb-rg-pipeline,statgen/pheweb-rg-pipeline,Genetic correlation calculation pipeline via summary statistics for PheWeb,,NF
stevekm,https://github.com/stevekm/bwa-bench,stevekm/bwa-bench,,,NF
stevekm,https://github.com/stevekm/fastq-checker,stevekm/fastq-checker,quick workflow to validate fastq file integrity,,NF
stevekm,https://github.com/stevekm/nextflow-demos,stevekm/nextflow-demos,Example Nextflow pipelines and programming techniques,GPL-3.0,NF
stevekm,https://github.com/stevekm/nextflow-pipeline-demo,stevekm/nextflow-pipeline-demo,,GPL-3.0,NF
stevekm,https://github.com/stevekm/nextflow-samplesheet-demo,stevekm/nextflow-samplesheet-demo,samplesheet parsing with Nextflow,,NF
stevekm,https://github.com/stevekm/tmb-signatures-analysis,stevekm/tmb-signatures-analysis,Tumor mutation burden & genomic signatures analysis workflow,,NF
stevekm,https://github.com/stevekm/vcf-filter-annotate,stevekm/vcf-filter-annotate,,,NF
SystemsGenetics,https://github.com/SystemsGenetics/GEMmaker,SystemsGenetics/GEMmaker,A workflow for construction of Gene Expression count Matrices (GEMs). Useful for Differential Gene Expression (DGE) analysis and Gene Co-Expression Network (GCN) construction,GPL-2.0,NF
SystemsGenetics,https://github.com/SystemsGenetics/gene-oracle-nf,SystemsGenetics/gene-oracle-nf,Nextflow pipeline for Gene Oracle,,NF
SystemsGenetics,https://github.com/SystemsGenetics/KINC-nf,SystemsGenetics/KINC-nf,Nextflow pipeline for KINC,,NF
thanhleviet,https://github.com/thanhleviet/nextflow-vipr3,thanhleviet/nextflow-vipr3,Assembly pipelines for viral NGS data  ported from snakemake version by Anreas Wilm,,NF
thanhleviet,https://github.com/thanhleviet/nf-albacore,thanhleviet/nf-albacore,Nextflow script for nanopore base calling with albacore,,NF
thanhleviet,https://github.com/thanhleviet/nf-pipelines,thanhleviet/nf-pipelines,A mix of nextflow scripts mainly used for bacteria. Under developing.,,NF
Thatguy027,https://github.com/Thatguy027/CePopulationGenetics-nf,Thatguy027/CePopulationGenetics-nf,Nextflow Pipeline for PopGen Analysis of C. elegans,,NF
tiagofilipe12,https://github.com/tiagofilipe12/pATLAS-db-creation,tiagofilipe12/pATLAS-db-creation,This repository is a test wrapper for the creation ,GPL-3.0,NF
Tintest,https://github.com/Tintest/Test_nextflow_OAR,Tintest/Test_nextflow_OAR,,,NF
UCL-BLIC,https://github.com/UCL-BLIC/merge_fastq,UCL-BLIC/merge_fastq,Nextflow pipeline to merge FastQ files from different lanes,MIT,NF
uct-cbio,https://github.com/uct-cbio/bacterial_variant_calling,uct-cbio/bacterial_variant_calling,A pipeline for variant calling on bacterial genomes created with Nextflow and singularity / docker,MIT,NF
varshini712,https://github.com/varshini712/cnv-nf,varshini712/cnv-nf,,GPL-3.0,NF
vibbits,https://github.com/vibbits/NextFlow_pipelines,vibbits/NextFlow_pipelines,Tricks and tips for designing a NextFlow pipeline,,NF
viktorlj,https://github.com/viktorlj/SarekCLLPostProcess,viktorlj/SarekCLLPostProcess,Process StrelkaBP results from Sarek,,NF
viktorlj,https://github.com/viktorlj/SarGet,viktorlj/SarGet,Test repository for NextFlow Haloplex analysis pipeline,,NF
vinujose,https://github.com/vinujose/nxfSingularity,vinujose/nxfSingularity,A sample workflow using Singularity containers and Nextflow.,,NF
vinujose,https://github.com/vinujose/nxfTest,vinujose/nxfTest,A sample workflow with two connected processes using Nextflow.,,NF
xg203,https://github.com/xg203/nextflow,xg203/nextflow,,,NF
xg203,https://github.com/xg203/NGS,xg203/NGS,,,NF
YounisLab,https://github.com/YounisLab/rnaseq-pipeline,YounisLab/rnaseq-pipeline,Nextflow pipeline that runs STAR  Cufflinks and splicing-analysis.,,NF
zamanianlab,https://github.com/zamanianlab/AsELV_smRNAseq-nf,zamanianlab/AsELV_smRNAseq-nf,Small RNA-seq analysis for Ascaris ELV project,MIT,NF
zamanianlab,https://github.com/zamanianlab/BmAe_smRNA-nf,zamanianlab/BmAe_smRNA-nf,,MIT,NF
zichner,https://github.com/zichner/nextflow-pull-test,zichner/nextflow-pull-test,,,NF
zsteve,https://github.com/zsteve/nf-ATAC,zsteve/nf-ATAC, ATAC-seq pipeline written in Nextflow,MIT,NF
ZuberLab,https://github.com/ZuberLab/crispr-mageck-nf,ZuberLab/crispr-mageck-nf,Analyze CRISPR and shRNA functional genetic screening data,MIT,NF
ZuberLab,https://github.com/ZuberLab/crispr-nf,ZuberLab/crispr-nf,Pre-processing of multiplexed CRISPR / shRNA Screens (deprecated),MIT,NF
ZuberLab,https://github.com/ZuberLab/crispr-process-nf,ZuberLab/crispr-process-nf,Process CRISPR and shRNA functional genetic screening data,MIT,NF
ZuberLab,https://github.com/ZuberLab/sra-nf,ZuberLab/sra-nf,Download Raw Reads from SRA Archive,MIT,NF
ZuberLab,https://github.com/ZuberLab/vbcf-nf,ZuberLab/vbcf-nf,Retrieve Files from VBCF Sequencing Facility,MIT,NF
4dn-dcic,https://github.com/4dn-dcic/pipelines-cwl,4dn-dcic/pipelines-cwl,Pipelines developed and used by 4DN-DCIC in Common Workflow Language,MIT,CWL
4teamwork,https://github.com/4teamwork/ftw.lawgiver,4teamwork/ftw.lawgiver,Generate Plone workflows by simply describing them in a human readable language.,,CWL
aaronmck,https://github.com/aaronmck/CWL,aaronmck/CWL,a place to aggregate common workflow language pipelines and tooling,Apache-2.0,CWL
acacha,https://github.com/acacha/llum,acacha/llum,Llum (light in catalan language) illuminates your Laravel projects speeding up your Github/Laravel development workflow,MIT,CWL
AleksandrSl,https://github.com/AleksandrSl/cwl-plugin,AleksandrSl/cwl-plugin,IntelliJ plugin for Common Workflow Language,MIT,CWL
alexwaldrop,https://github.com/alexwaldrop/GAP,alexwaldrop/GAP,Workflow language and executor designed to streamline design  execution of bioinformatic pipelines in a cloud environment.,,CWL
alfonsoirai,https://github.com/alfonsoirai/go-tour,alfonsoirai/go-tour,This repository will be to have a workflow of the Go Programming Language for the Programming Language Course,MIT,CWL
Alveo,https://github.com/Alveo/alveo-galaxy-tools,Alveo/alveo-galaxy-tools,Tools for handling language data and interfacing to Alveo on the Galaxy Workflow Platform,,CWL
alvinuseree,https://github.com/alvinuseree/Collibra-V2-API-Functions,alvinuseree/Collibra-V2-API-Functions,These functions use the Collibra version 2 APIs and the Groovy language to execute workflow tasks,,CWL
amalter,https://github.com/amalter/mjml-email-templates,amalter/mjml-email-templates,Repository for testing the mjml email templating language and workflow,,CWL
andersgs,https://github.com/andersgs/cwl_flows,andersgs/cwl_flows,Some common workflow language flows.,,CWL
andrejsim,https://github.com/andrejsim/epos-cwl-workflows,andrejsim/epos-cwl-workflows,EPOS Common Workflow Language workflows,,CWL
andrewjesaitis,https://github.com/andrewjesaitis/cwl-tutorial,andrewjesaitis/cwl-tutorial,Tutorial for the Common Workflow Language using SnpEff,MIT,CWL
bcbio,https://github.com/bcbio/bcbio_validation_workflows,bcbio/bcbio_validation_workflows,A community menagarie of automated variant validations using bcbio and the Common Workflow Language,MIT,CWL
bcbio,https://github.com/bcbio/test_bcbio_cwl,bcbio/test_bcbio_cwl,Test workflows  run scripts and data for bcbio Common Workflow Language integration,MIT,CWL
benhg,https://github.com/benhg/cwl-to-parsl,benhg/cwl-to-parsl,Code to translate Common Workflow Language YAML to Parsl workflows,,CWL
bgm-cwg,https://github.com/bgm-cwg/Whole-Exome-Sequencing-Workflow,bgm-cwg/Whole-Exome-Sequencing-Workflow,WES workflow using WDL language,,CWL
BioJulia,https://github.com/BioJulia/CWL.jl,BioJulia/CWL.jl,Utilities for working with the Common Workflow Language (CWL) from Julia,MIT,CWL
boonetan,https://github.com/boonetan/jflow,boonetan/jflow,jflow is a java programming language  application  based activiti workflow...,,CWL
broadinstitute,https://github.com/broadinstitute/cwl-proto,broadinstitute/cwl-proto,Reading and writing Common Workflow Language to Protocol Buffers.  I.e. CWL <-> Protobuf,BSD-3-Clause,CWL
buchanae,https://github.com/buchanae/cwl,buchanae/cwl,common workflow language library and runtime,MIT,CWL
CancerCollaboratory,https://github.com/CancerCollaboratory/dockstore-tool-bedgraph-bigwig,CancerCollaboratory/dockstore-tool-bedgraph-bigwig,From https://github.com/common-workflow-language/workflows,,CWL
CancerCollaboratory,https://github.com/CancerCollaboratory/dockstore-tool-bedtools-genomecov,CancerCollaboratory/dockstore-tool-bedtools-genomecov,From https://github.com/common-workflow-language/workflows,,CWL
CancerCollaboratory,https://github.com/CancerCollaboratory/dockstore-tool-bwa-aln,CancerCollaboratory/dockstore-tool-bwa-aln,Adapted from https://github.com/common-workflow-language/workflows,,CWL
CancerCollaboratory,https://github.com/CancerCollaboratory/dockstore-tool-bwa-mem,CancerCollaboratory/dockstore-tool-bwa-mem,From https://github.com/common-workflow-language/workflows,,CWL
CancerCollaboratory,https://github.com/CancerCollaboratory/dockstore-tool-bwa-samse,CancerCollaboratory/dockstore-tool-bwa-samse,From https://github.com/common-workflow-language/workflows,,CWL
CancerCollaboratory,https://github.com/CancerCollaboratory/dockstore-tool-liftover,CancerCollaboratory/dockstore-tool-liftover,From https://github.com/common-workflow-language/workflows,,CWL
CancerCollaboratory,https://github.com/CancerCollaboratory/dockstore-tool-linux-sort,CancerCollaboratory/dockstore-tool-linux-sort,From https://github.com/common-workflow-language/workflows,,CWL
CancerCollaboratory,https://github.com/CancerCollaboratory/dockstore-tool-samtools-index,CancerCollaboratory/dockstore-tool-samtools-index,From https://github.com/common-workflow-language/workflows,,CWL
CancerCollaboratory,https://github.com/CancerCollaboratory/dockstore-tool-samtools-rmdup,CancerCollaboratory/dockstore-tool-samtools-rmdup,Adapted from https://github.com/common-workflow-language/workflows,,CWL
CancerCollaboratory,https://github.com/CancerCollaboratory/dockstore-tool-samtools-sort,CancerCollaboratory/dockstore-tool-samtools-sort, Adapted from https://github.com/common-workflow-language/workflows ,,CWL
CancerCollaboratory,https://github.com/CancerCollaboratory/dockstore-tool-samtools-view,CancerCollaboratory/dockstore-tool-samtools-view, Adapted from https://github.com/common-workflow-language/workflows ,,CWL
CBICA,https://github.com/CBICA/CmdParser,CBICA/CmdParser,An easy to use Command Line Parser and Common Workflow Language (CWL) specification creater/reader,NOASSERTION,CWL
chanzuckerberg,https://github.com/chanzuckerberg/miniwdl,chanzuckerberg/miniwdl,A static analysis toolkit for the Workflow Description Language,MIT,CWL
chop-dbhi,https://github.com/chop-dbhi/style-guides,chop-dbhi/style-guides,Style guides and workflows for various languages and tools,,CWL
cidles,https://github.com/cidles/poio-api,cidles/poio-api,Poio API is a free and open source Python library to access and search data from language documentation in your linguistic analysis workflow. It converts file formats like Elanâ€™s EAF  Toolbox files  Typecraft XML and others into annotation graphs as defined in ISO 24612. Those graphs  for which we use an implementation called â€œGraph Annotation Frameworkâ€ (GrAF)  allow unified access to linguistic data from a wide range sources.,Apache-2.0,CWL
common-workflow-language,https://github.com/common-workflow-language/common-workflow-language,common-workflow-language/common-workflow-language,Repository for the CWL standards. Use https://www.biostars.org/t/cwl/ for support ðŸ˜Š,Apache-2.0,CWL
common-workflow-language,https://github.com/common-workflow-language/common-workflow-language.github.io,common-workflow-language/common-workflow-language.github.io,GitHub pages source for the main CWL website  derived from https://github.com/common-workflow-language/cwl-website,,CWL
common-workflow-language,https://github.com/common-workflow-language/cwldep,common-workflow-language/cwldep,Common Workflow Language dependency manager,Apache-2.0,CWL
common-workflow-language,https://github.com/common-workflow-language/cwlprov-py,common-workflow-language/cwlprov-py,cwlprov: Command line tool and Python API to explore Research Objects containing provenance of Common Workflow Language executions,Apache-2.0,CWL
common-workflow-language,https://github.com/common-workflow-language/cwltool,common-workflow-language/cwltool,Common Workflow Language reference implementation,Apache-2.0,CWL
common-workflow-language,https://github.com/common-workflow-language/cwlviewer,common-workflow-language/cwlviewer,A web application to view and share Common Workflow Language workflows,Apache-2.0,CWL
common-workflow-language,https://github.com/common-workflow-language/wdl2cwl,common-workflow-language/wdl2cwl,Convert Workflow Definition Language (WDL) to CWL,Apache-2.0,CWL
CompEpigen,https://github.com/CompEpigen/ATACseq_workflows,CompEpigen/ATACseq_workflows,Workflows for processing of ATAC-seq Data based on the Common Workflow Language (CWL),,CWL
CompEpigen,https://github.com/CompEpigen/ChIPseq_workflows,CompEpigen/ChIPseq_workflows,Workflows for processing of ChIP-seq  ChIPmentation  and Cut&Run data based on the Common Workflow Language,,CWL
corticometrics,https://github.com/corticometrics/fs-cwl,corticometrics/fs-cwl,Common workflow language wrappers and workflow for FreeSurfer,,CWL
Dasync,https://github.com/Dasync/Dasync,Dasync/Dasync,Distributed services and workflows with C#-native language features,NOASSERTION,CWL
deanishe,https://github.com/deanishe/alfred-searchio,deanishe/alfred-searchio,Alfred workflow to auto-suggest search results from multiple search engines and languages.,MIT,CWL
digitaldavenyc,https://github.com/digitaldavenyc/backbone.js-require.js-compass-sass-boilerplate,digitaldavenyc/backbone.js-require.js-compass-sass-boilerplate,Boilerplate template for Backbone.js  Require.js  Compass & SASS on front-end development. By combining these frameworks it creates a workflow similar to ActionScript or other OO languages,,CWL
djhshih,https://github.com/djhshih/wdl-canales,djhshih/wdl-canales,Bioinformatic pipelines written in the Workflow Description Language,GPL-3.0,CWL
dnanexus,https://github.com/dnanexus/dxWDL,dnanexus/dxWDL,Workflow Description Language compiler for the DNAnexus platform,Apache-2.0,CWL
Duke-GCB,https://github.com/Duke-GCB/MMAP-cwl,Duke-GCB/MMAP-cwl,Common Workflow Language tool and workflow definitions for MMAP pipeline,,CWL
epam,https://github.com/epam/pipeline-builder,epam/pipeline-builder,Pipeline Builder is a JavaScript library for visualizing and constructing bioinformatics workflows  using Workflow Description Language (WDL),MIT,CWL
FabienneL,https://github.com/FabienneL/BioNet-Mining,FabienneL/BioNet-Mining,The biological network mining workflow identifies frequent structural patterns in biochemical reaction networks encoded in the Systems Biology Markup Language (SBML),,CWL
guixwl,https://github.com/guixwl/gwl-starter,guixwl/gwl-starter,A repository serving as a template to get started with writing workflows with the Guix Workflow Language.,GPL-3.0,CWL
hacchy1983,https://github.com/hacchy1983/CWL-workflows,hacchy1983/CWL-workflows,Workflows written in common workflow language (CWL),GPL-3.0,CWL
halilozercan,https://github.com/halilozercan/coinami-workflow,halilozercan/coinami-workflow,Workflow description of Coinami in Common Workflow Language,,CWL
horizongir,https://github.com/horizongir/bonsai.examples,horizongir/bonsai.examples,A collection of example workflows and applications created with the Bonsai visual programming language.,MIT,CWL
jackric,https://github.com/jackric/agenda,jackric/agenda,Natural language workflow scheduling engine,,CWL
jefferys,https://github.com/jefferys/cwl,jefferys/cwl,Common workflow language support,NOASSERTION,CWL
jeremyneedle,https://github.com/jeremyneedle/pseudowords,jeremyneedle/pseudowords,Sharing workflows for building and applying phonotactic ngram language models.,,CWL
jevasQ,https://github.com/jevasQ/internship-project,jevasQ/internship-project,Conversion of the SNP-DISCOVERY-PIPELINE tools and codes into COMMON WORKFLOW LANGUAGE. ,,CWL
joelea,https://github.com/joelea/flexible-browserify-generator,joelea/flexible-browserify-generator,Yeoman generator for a gulp/browserify workflow for js-based language projects,Apache-2.0,CWL
joergen7,https://github.com/joergen7/cuneiform-legacy,joergen7/cuneiform-legacy,A Functional Workflow Language,Apache-2.0,CWL
joergen7,https://github.com/joergen7/cuneiform,joergen7/cuneiform,Cuneiform distributed programming language,Apache-2.0,CWL
jpellman,https://github.com/jpellman/AFNI-CWL,jpellman/AFNI-CWL,AFNI commands wrapped in Common Workflow Language.,,CWL
kaplejon,https://github.com/kaplejon/my_little_git,kaplejon/my_little_git,A git repo for learning git workflow and the Ruby programming language,,CWL
kaspar128,https://github.com/kaspar128/TVPaint,kaspar128/TVPaint,TVPaint-scripts(GEORGE-language) that helped me with my workflow,,CWL
kb634,https://github.com/kb634/crossminer,kb634/crossminer,Domain-specific language and execution engine for running workflows for repository mining ,,CWL
kblin,https://github.com/kblin/cwl-antismash,kblin/cwl-antismash,First try wrapping antiSMASH in a Common Workflow Language description,CC-BY-4.0,CWL
kdmurray91,https://github.com/kdmurray91/usc-demo,kdmurray91/usc-demo,Demo of the userspace containers project at the Common Workflow Language,NOASSERTION,CWL
knat,https://github.com/knat/Metah,knat/Metah,A Workflow Metaprogramming Language,NOASSERTION,CWL
krishr2d2,https://github.com/krishr2d2/cd_mini_project,krishr2d2/cd_mini_project,A mini visualization language that uses figures like rectangles and lines to show the workflow of algorithms(intended for sorting) written using python. The project uses python's PLY module.,,CWL
kundajelab,https://github.com/kundajelab/chipseq_pipeline2,kundajelab/chipseq_pipeline2,TF/Histone ChIP-Seq pipeline2 based on WDL (workflow definition language),MIT,CWL
Kunstmaan,https://github.com/Kunstmaan/KunstmaanBundlesCMS,Kunstmaan/KunstmaanBundlesCMS,An advanced yet user-friendly content management system  based on the full stack Symfony framework combined with a whole host of community bundles. It provides a full featured  multi-language CMS system with an innovative page and form assembling process  versioning  workflow  translation and media managers and much more.,MIT,CWL
kzhang098,https://github.com/kzhang098/WIPS,kzhang098/WIPS,A Workflow Language Interpreter and System developed using Java and JavaFX,,CWL
LanguageMachines,https://github.com/LanguageMachines/LuigiNLP,LanguageMachines/LuigiNLP,A workflow system for Natural Language Processing.,GPL-3.0,CWL
LanguageMachines,https://github.com/LanguageMachines/PICCL,LanguageMachines/PICCL,A set of workflows for corpus building through OCR  post-correction  modernization of historic language and Natural Language Processing,GPL-3.0,CWL
leereilly,https://github.com/leereilly/translation-services,leereilly/translation-services,A workflow for translating copy from one language to another using professional services,,CWL
linsalrob,https://github.com/linsalrob/CommonWorkflowLanguage,linsalrob/CommonWorkflowLanguage,CWL codes and examples for searchSRA.org,MIT,CWL
liuweiathust,https://github.com/liuweiathust/cwl_taste,liuweiathust/cwl_taste,try to use CWL (common workflow language) to build workflows,,CWL
luci,https://github.com/luci/recipes-py,luci/recipes-py,A testable  cross-platform  workflow description language (in python).,Apache-2.0,CWL
maasha,https://github.com/maasha/BioDSL,maasha/BioDSL,BioDSL (pronounced Biodiesel) is a Domain Specific Language for creating bioinformatic analysis workflows.,GPL-2.0,CWL
mainulhossain,https://github.com/mainulhossain/phenowl,mainulhossain/phenowl,Phenotype Workflow Language: A Declarative Language for Phenotype Data Processing,MIT,CWL
manuelesimi,https://github.com/manuelesimi/NextflowWorkbench,manuelesimi/NextflowWorkbench,The Nextflow Workbench is a set of languages developed with the Jetbrains MPS Language Workbench that make it easier to write data analysis workflows with Nextflow.,NOASSERTION,CWL
marcoslimagon,https://github.com/marcoslimagon/mawor,marcoslimagon/mawor,Simplest machine workflow mechanism for both .net  java and other languages. The target is to provide only the main interfaces making easy to adapt for many scenarios,MIT,CWL
MatheusWorkflow,https://github.com/MatheusWorkflow/WorkFlow,MatheusWorkflow/WorkFlow, language C,,CWL
mathsaey,https://github.com/mathsaey/skitter,mathsaey/skitter,A Domain Specific Language for Distributed  Reactive Workflows,MPL-2.0,CWL
MattAllen92,https://github.com/MattAllen92/Data-Science-Basics,MattAllen92/Data-Science-Basics,A repository where I can store my data science material  I aim to populate it with Jupyter Notebook files  scripts and documents describing the core workflow and methods required for a sound understanding of the key data science principles in Python (and snippets from other languages).,,CWL
Mijathi,https://github.com/Mijathi/groovy-alfred-workflows,Mijathi/groovy-alfred-workflows,Collection of workflows for alfred app based on the groovy language. In short Galfred.,,CWL
mikehadlow,https://github.com/mikehadlow/Mike.DistributedLua,mikehadlow/Mike.DistributedLua,A sample using Lua as a distributed workflow scripting language,,CWL
mmulji,https://github.com/mmulji/insurance-sales-workflow,mmulji/insurance-sales-workflow,Code to model Insurance Sales Workflow in a number of different languages,,CWL
moosichu,https://github.com/moosichu/continuous-integration-workshop,moosichu/continuous-integration-workshop,This repository contains the learning materials for the workshop on how to create a continuous integration workflow. The skills being taught apply to a variety of languages  tools and setups. But Gradle  Java  Git and Travis CI form the foundation of this workshop.,MIT,CWL
morloc-project,https://github.com/morloc-project/morloc,morloc-project/morloc,A typed  multilingual  functional workflow language,GPL-3.0,CWL
mpaiva,https://github.com/mpaiva/material-resume,mpaiva/material-resume,Professional Resume using Google's Material Design visual language. Built using modern web development workflow tools  such as Bower for package mamagement  Gulp and plugins for web development task management  Jade as HTML template language and Materialize SASS as CSS scaffolding. ,,CWL
mpco,https://github.com/mpco/AlfredWorkflow-App-Language-Switcher,mpco/AlfredWorkflow-App-Language-Switcher,,,CWL
mrjones2014,https://github.com/mrjones2014/alfred-youtrack-query,mrjones2014/alfred-youtrack-query,An Alfred Workflow to query a YouTrack server with YouTrack Query Language auto-complete,MIT,CWL
NAL-i5K,https://github.com/NAL-i5K/CWL_Common-Workflow-Language,NAL-i5K/CWL_Common-Workflow-Language,A workflow to make organism onboarding pipeline easy to handle as an I/O pipeline,,CWL
nanw16,https://github.com/nanw16/RstanWorkflow,nanw16/RstanWorkflow,We would like create Bayesian workflows following A quick-start introduction to Stan for economists by Jim Savage for all example models in Stan Modeling Language User's Guide and Reference Manual by Stan Development Team.,,CWL
naturalis,https://github.com/naturalis/cwl-master-project,naturalis/cwl-master-project,Source code in Common Workflow Language for sharing pipelines between Rijk Zwaan and Naturalis,,CWL
NBISweden,https://github.com/NBISweden/Grapevine,NBISweden/Grapevine,A natural language based workflow management system,GPL-3.0,CWL
NBISweden,https://github.com/NBISweden/workflow-tools-evaluation,NBISweden/workflow-tools-evaluation,Evaluating workflow tools and formats  such as the Common Workflow Language (CWL) for possible use within NBIS,,CWL
NCIP,https://github.com/NCIP/cagrid-workflow,NCIP/cagrid-workflow,The caGrid-workflow repository contains the caGrid Workflow Service  which enables orchestration across caGrid services using Taverna's SCUFL language.,NOASSERTION,CWL
nebula-projects,https://github.com/nebula-projects/enchanter,nebula-projects/enchanter,Lightweight workflow service based on state machine language.,Apache-2.0,CWL
NETWAYS,https://github.com/NETWAYS/rt-extension-createlinkedtickets,NETWAYS/rt-extension-createlinkedtickets,Create linked tickets based on RT template language,,CWL
nlppln,https://github.com/nlppln/nlppln,nlppln/nlppln,NLP pipeline software using common workflow language,Apache-2.0,CWL
noah,https://github.com/noah/tickler-mail,noah/tickler-mail,Tickler file (boomerang) email workflow with natural language reminders - for users of Mutt and other command-line MUAs.,GPL-2.0,CWL
NuclearCookie,https://github.com/NuclearCookie/HelloWorldGO,NuclearCookie/HelloWorldGO,First go code to get to know the language and workflow,,CWL
ohsu-comp-bio,https://github.com/ohsu-comp-bio/common_workflow_language_schema,ohsu-comp-bio/common_workflow_language_schema,Jsonnet documents for building a Common Workflow Language Avro protocol,MIT,CWL
openwdl,https://github.com/openwdl/wdl,openwdl/wdl,Workflow Description Language - Specification and Implementations,BSD-3-Clause,CWL
Parsoa,https://github.com/Parsoa/Beatrice,Parsoa/Beatrice,Pipeline Assembler For The Common Workflow Language (CWL),,CWL
Pascal-So,https://github.com/Pascal-So/StreamGraph,Pascal-So/StreamGraph,Designing a concept  language  interpreter  workflow  whatevs...,MIT,CWL
peicheng2005,https://github.com/peicheng2005/STAR-FUSION-CWL-Pipeline,peicheng2005/STAR-FUSION-CWL-Pipeline,STAR-FUSION Pipeline in common workflow language,,CWL
phyllisstein,https://github.com/phyllisstein/language-github-actions,phyllisstein/language-github-actions,Syntax highlighting for GitHub Actions workflow files.,NOASSERTION,CWL
pitagora-galaxy,https://github.com/pitagora-galaxy/cwl,pitagora-galaxy/cwl,Common Workflow Language tools and workflows by Pitagora-Network,,CWL
PMCC-BioinformaticsCore,https://github.com/PMCC-BioinformaticsCore/shepherd,PMCC-BioinformaticsCore/shepherd,A language and engine agnostic workflow runner wrapper,,CWL
probablytom,https://github.com/probablytom/variflow,probablytom/variflow,A language for defining sociotechnical workflows with variance,MIT,CWL
prometheusresearch,https://github.com/prometheusresearch/action,prometheusresearch/action,Language for composable data-driven workflows,NOASSERTION,CWL
purecloudlabs,https://github.com/purecloudlabs/pseudoloc,purecloudlabs/pseudoloc,Generate pseudo-localized language strings in the normal course of your development workflow,Apache-2.0,CWL
pvanheus,https://github.com/pvanheus/cwltutorial,pvanheus/cwltutorial,Examples to help in a Common Workflow Language tutorial,MIT,CWL
pvanheus,https://github.com/pvanheus/repeatmasker_cwl,pvanheus/repeatmasker_cwl,Common Workflow Language tool definition for RepeatMasker,GPL-3.0,CWL
qkevinto,https://github.com/qkevinto/modular-email-workflow,qkevinto/modular-email-workflow,A simple modular email workflow built with gulp that also supports MailChimp's template styling language,MIT,CWL
Qordobacode,https://github.com/Qordobacode/nodejs-sdk,Qordobacode/nodejs-sdk,nodejs-sdk example ,NOASSERTION,CWL
qwwqe,https://github.com/qwwqe/Fenciqi,qwwqe/Fenciqi,Streamline textual language study workflow.,,CWL
rabix,https://github.com/rabix/benten,rabix/benten,[Pre-alpha] Workflow helper for Common Workflow Language,Apache-2.0,CWL
rabix,https://github.com/rabix/composer,rabix/composer,Visual and code editor for Common Workflow Language,Apache-2.0,CWL
rabix,https://github.com/rabix/cwl-ts,rabix/cwl-ts,Typescript data model for Common Workflow Language,Apache-2.0,CWL
rickadams2,https://github.com/rickadams2/WorkFlowStartPack,rickadams2/WorkFlowStartPack,Workflow for OOP languages ,,CWL
riordanp,https://github.com/riordanp/swbnlp,riordanp/swbnlp,simple workflow based natural language processing,,CWL
rmapes,https://github.com/rmapes/SparkWorkflow,rmapes/SparkWorkflow,A parallel workflow language,,CWL
sahilseth,https://github.com/sahilseth/flowr,sahilseth/flowr,Robust and efficient workflows using a simple language agnostic approach,NOASSERTION,CWL
sajadabedi,https://github.com/sajadabedi/Reverse-Text,sajadabedi/Reverse-Text,Fixing Figma RTL language problem with Alfred Workflow,,CWL
scipipe,https://github.com/scipipe/scipipe,scipipe/scipipe,SciPipe is a library for writing scientific workflows (sometimes also called pipelines) of shell commands that depend on each other  in the Go programming language (aka golang). It was initially designed for problems in cheminformatics and bioinformatics  but applies equally well to any domain involving complex pipelines of interdependent shell commands.,MIT,CWL
screx,https://github.com/screx/cwl-tutorial,screx/cwl-tutorial,This is a tutorial for Common Workflow Language (CWL),,CWL
Selonka,https://github.com/Selonka/wdl_nanorc,Selonka/wdl_nanorc,Syntax highlighting for WDL a workflow definition language,,CWL
simonsfoundation,https://github.com/simonsfoundation/bioinfo_pipelines_cwl,simonsfoundation/bioinfo_pipelines_cwl,Bioinformatics pipelines using Common Workflow Language and Docker.,MIT,CWL
siuyin,https://github.com/siuyin/wdot,siuyin/wdot,Workflow diagramming tool using ruby and graphviz dot language.,,CWL
stevetsa,https://github.com/stevetsa/Metaphlan-WDL,stevetsa/Metaphlan-WDL,This is a repository for Workflow Description Language (WDL) files  which are used to run analysis on the FireCloud.,,CWL
surf-eds,https://github.com/surf-eds/cwl-examples,surf-eds/cwl-examples,Common Workflow Language examples,Apache-2.0,CWL
tammojan,https://github.com/tammojan/dpppcwl,tammojan/dpppcwl,Trying the Common Workflow Language with DPPP,,CWL
taverna,https://github.com/taverna/taverna-scufl2,taverna/taverna-scufl2,SCUFL2 Taverna workflow language and API,,CWL
teamcgc,https://github.com/teamcgc/cgpbox-cwl,teamcgc/cgpbox-cwl,cgpbox pipeline adapted for common workflow language,,CWL
TMiguelT,https://github.com/TMiguelT/vue-cwl,TMiguelT/vue-cwl,Visualizer of CWL (Common Workflow Language) workflows for Vue,GPL-3.0,CWL
tobyhodges,https://github.com/tobyhodges/cwl-tutorial-files,tobyhodges/cwl-tutorial-files,Files for the Common Workflow Language tutorial,Apache-2.0,CWL
tom-tan,https://github.com/tom-tan/cwl-inspector,tom-tan/cwl-inspector,This tool provides a handy way to inspect properties of tools or workflows written in Common Workflow Language,MIT,CWL
tom-tan,https://github.com/tom-tan/flycheck-cwl,tom-tan/flycheck-cwl,Add on-the-fly checker for Common Workflow Language,Unlicense,CWL
UMCUGenetics,https://github.com/UMCUGenetics/gwl-atacseq,UMCUGenetics/gwl-atacseq,ATACseq pipeline using the Guix Workflow Language.,GPL-3.0,CWL
vgteam,https://github.com/vgteam/vg_wdl,vgteam/vg_wdl,Workflow Description Language (WDL) scripts for common vg workflows,MIT,CWL
zhanxw,https://github.com/zhanxw/wdl-mode,zhanxw/wdl-mode,WDL (Workflow Description Language) major mode,GPL-3.0,CWL
